City_ID,City,Country,Lat,Lng,Max Temp,Humidity,Cloudiness,Wind Speed,Current Description
0,Atuona,PF,-9.8,-139.0333,79.75,75,94,15.37,light rain
1,Turbat,PK,26.0023,63.044,99.68,18,67,9.42,broken clouds
2,Inta,RU,66.0317,60.1659,31.12,88,98,6.85,overcast clouds
3,Hobart,AU,-42.8794,147.3294,57.2,67,75,5.75,light rain
4,Saint George,US,37.1041,-113.5841,53.6,50,1,10.36,clear sky
5,Vaini,TO,-21.2,-175.2,73.4,94,75,9.22,broken clouds
6,High Rock,BS,26.6208,-78.2833,64.4,88,20,5.75,few clouds
7,Tigil,RU,57.8,158.6667,29.71,93,70,7.09,broken clouds
8,Saskylakh,RU,71.9167,114.0833,33.57,86,80,7.67,broken clouds
9,Rikitea,PF,-23.1203,-134.9692,76.33,73,71,9.95,light rain
10,Norman Wells,CA,65.282,-126.8329,24.8,50,75,8.05,broken clouds
11,Qaanaaq,GL,77.484,-69.3632,24.91,76,94,8.32,overcast clouds
12,Albany,US,42.6001,-73.9662,51.01,67,96,2.66,overcast clouds
13,Kapaa,US,22.0752,-159.319,69.8,94,75,4.61,broken clouds
14,Lastoursville,GA,-0.8143,12.7287,73.4,94,75,1.45,fog
15,Butaritari,KI,3.0707,172.7902,82.35,77,16,9.01,moderate rain
16,Hilo,US,19.7297,-155.09,77.0,69,90,4.61,overcast clouds
17,Ushuaia,AR,-54.8,-68.3,41.0,75,40,6.91,scattered clouds
18,Cape Town,ZA,-33.9258,18.4232,62.01,77,20,13.8,few clouds
19,Iqaluit,CA,63.7506,-68.5145,24.8,80,90,5.75,overcast clouds
20,Brae,GB,60.3964,-1.353,42.8,75,20,10.36,few clouds
21,Dikson,RU,73.5069,80.5464,32.23,91,100,16.17,overcast clouds
22,Yellowknife,CA,62.456,-114.3525,19.4,58,75,8.05,broken clouds
23,Busselton,AU,-33.65,115.3333,77.0,57,11,1.01,few clouds
24,New Norfolk,AU,-42.7826,147.0587,57.0,78,100,2.98,overcast clouds
25,Opuwo,NA,-18.0607,13.84,77.32,32,0,4.97,clear sky
26,Meulaboh,ID,4.1363,96.1285,85.01,71,100,6.8,overcast clouds
27,Trincomalee,LK,8.5711,81.2335,86.25,67,67,13.69,broken clouds
28,Longyearbyen,SJ,78.2186,15.6401,21.2,58,75,9.22,broken clouds
29,Yining,CN,29.0361,114.5636,67.15,81,100,0.18,overcast clouds
30,Severo-Kurilsk,RU,50.6789,156.125,34.07,91,93,14.27,overcast clouds
31,Kingsville,US,27.5159,-97.8561,78.8,83,90,16.11,overcast clouds
32,Bredasdorp,ZA,-34.5322,20.0403,55.4,88,2,1.14,clear sky
33,Poum,NC,-20.2333,164.0167,76.15,57,36,20.65,scattered clouds
34,Matamoros,MX,25.5333,-103.25,79.0,29,100,4.0,overcast clouds
35,Pisco,PE,-13.7,-76.2167,64.4,94,90,4.61,overcast clouds
36,Ilulissat,GL,69.2167,-51.1,30.2,80,100,5.14,overcast clouds
37,Cidreira,BR,-30.1811,-50.2056,57.27,85,59,11.61,broken clouds
38,Jamestown,US,42.097,-79.2353,64.0,55,1,9.22,clear sky
39,Port Macquarie,AU,-31.4333,152.9167,63.0,84,100,5.32,overcast clouds
40,Geraldton,AU,-28.7667,114.6,84.2,30,4,12.66,clear sky
41,Rio Brilhante,BR,-21.8019,-54.5464,53.29,62,0,4.29,clear sky
42,Saint-Philippe,RE,-21.3585,55.7679,86.0,66,100,8.05,light rain
43,Souillac,MU,-20.5167,57.5167,78.8,89,75,18.41,moderate rain
44,Margate,GB,51.3813,1.3862,50.0,72,100,1.01,overcast clouds
45,Arraial Do Cabo,BR,-22.9661,-42.0278,72.77,76,7,4.79,clear sky
46,Havoysund,NO,70.9963,24.6622,28.4,74,90,8.05,light snow
47,Meiganga,CM,6.5167,14.3,82.33,49,100,3.65,overcast clouds
48,Alofi,NU,-19.0595,-169.9187,78.8,100,100,9.22,light rain
49,Batemans Bay,AU,-35.7167,150.1833,66.99,77,100,4.47,overcast clouds
50,Rio Grande,BR,-32.035,-52.0986,45.0,98,15,11.72,few clouds
51,Fairbanks,US,64.8378,-147.7164,37.4,48,1,3.44,clear sky
52,Mar Del Plata,AR,-38.0023,-57.5575,57.99,87,0,6.91,clear sky
53,Perth,AU,-31.9333,115.8333,84.2,32,96,10.36,smoke
54,Sept-Iles,CA,50.2001,-66.3821,43.0,75,100,5.75,overcast clouds
55,Hithadhoo,MV,-0.6,73.0833,83.16,64,26,2.21,scattered clouds
56,Palmer,US,42.1584,-72.3287,48.2,87,90,2.48,overcast clouds
57,Bambous Virieux,MU,-20.3428,57.7575,78.8,89,75,18.41,moderate rain
58,Jieshi,CN,22.8134,115.8257,77.99,75,56,8.52,broken clouds
59,Barrow,US,71.2906,-156.7887,19.4,86,90,3.44,overcast clouds
60,Mahebourg,MU,-20.4081,57.7,78.8,89,75,18.41,moderate rain
61,Laguna,US,38.421,-121.4238,59.0,58,1,3.44,clear sky
62,Khatanga,RU,71.9667,102.5,32.79,99,57,6.49,broken clouds
63,Nemuro,JP,43.3236,145.575,59.0,29,0,10.36,clear sky
64,Port Alfred,ZA,-33.5906,26.891,68.61,66,100,6.38,overcast clouds
65,Carnarvon,AU,-24.8667,113.6333,84.2,51,0,13.8,clear sky
66,Soubre,CI,5.7856,-6.6083,77.99,88,100,2.35,overcast clouds
67,Chokurdakh,RU,70.6333,147.9167,24.06,93,100,11.36,overcast clouds
68,Hamilton,US,39.1834,-84.5333,70.0,52,75,10.36,broken clouds
69,Inyonga,TZ,-6.7167,32.0667,74.37,71,39,7.23,scattered clouds
70,Alice Springs,AU,-23.7,133.8833,75.2,20,0,9.22,clear sky
71,Punta Arenas,CL,-53.15,-70.9167,39.2,93,40,4.61,scattered clouds
72,Saint Anthony,US,45.0205,-93.218,41.0,87,1,4.61,clear sky
73,Port Elizabeth,ZA,-33.918,25.5701,66.2,77,20,1.14,few clouds
74,Provideniya,RU,64.3833,-173.3,31.44,89,49,8.5,scattered clouds
75,Kortkeros,RU,61.8106,51.5806,41.0,87,90,4.47,overcast clouds
76,Bluff,NZ,-46.6,168.3333,54.0,90,98,7.0,overcast clouds
77,Castro,BR,-24.7911,-50.0119,56.12,87,99,6.4,overcast clouds
78,Buala,SB,-8.145,159.5921,77.14,86,100,7.9,moderate rain
79,Nome,US,64.5011,-165.4064,30.2,93,75,6.91,broken clouds
80,Vanimo,PG,-2.6741,141.3028,82.29,76,20,4.88,few clouds
81,Olinda,BR,-8.0089,-34.8553,73.4,88,75,3.44,broken clouds
82,Luderitz,NA,-26.6481,15.1594,66.88,61,1,8.95,clear sky
83,Mount Gambier,AU,-37.8333,140.7667,59.0,77,40,5.75,dust
84,Hasaki,JP,35.7333,140.8333,70.0,56,75,13.8,broken clouds
85,Mayumba,GA,-3.432,10.6554,79.72,85,100,4.34,overcast clouds
86,Ust-Kuyga,RU,70.0167,135.6,23.13,79,77,6.62,broken clouds
87,Mangaldai,IN,26.4333,92.0333,87.8,42,40,3.44,haze
88,Lagoa,PT,39.05,-27.9833,59.4,80,100,13.56,overcast clouds
89,Sosnytsya,UA,51.5239,32.4999,46.17,60,30,7.05,scattered clouds
90,San Quintin,MX,30.4833,-115.95,53.76,77,0,9.33,clear sky
91,Grand Gaube,MU,-20.0064,57.6608,78.01,83,100,10.0,light rain
92,Ponta Do Sol,PT,32.6667,-17.1,60.01,82,94,4.9,overcast clouds
93,Glarus,CH,47.0406,9.068,61.0,17,98,1.99,overcast clouds
94,Mataura,NZ,-46.1927,168.8643,54.0,90,100,5.99,overcast clouds
95,Paramonga,PE,-10.6667,-77.8333,65.35,92,98,4.81,overcast clouds
96,Bilibino,RU,68.0546,166.4372,18.66,89,72,2.01,broken clouds
97,Hermanus,ZA,-34.4187,19.2345,60.01,85,53,1.99,broken clouds
98,Upernavik,GL,72.7868,-56.1549,28.54,96,99,9.75,light snow
99,Prijepolje,RS,43.3719,19.6406,48.2,93,90,1.14,overcast clouds
100,Jasper,US,37.2001,-94.3502,69.8,83,1,6.91,clear sky
101,Havre-Saint-Pierre,CA,50.2334,-63.5986,35.6,100,90,4.36,fog
102,Nicoya,CR,10.1483,-85.452,75.49,76,100,3.18,overcast clouds
103,Sambava,MG,-14.2667,50.1667,82.26,68,53,10.47,broken clouds
104,Kavaratti,IN,10.5669,72.642,84.7,68,0,2.64,clear sky
105,Atambua,ID,-9.1061,124.8925,79.41,59,28,2.19,scattered clouds
106,Jumilla,ES,38.4792,-1.325,60.01,75,20,1.99,few clouds
107,Porto Velho,BR,-8.7619,-63.9039,75.2,94,0,4.61,light rain
108,Eureka,US,40.8021,-124.1637,48.99,91,5,3.29,clear sky
109,Buraydah,SA,26.326,43.975,87.8,33,40,5.75,scattered clouds
110,Bethel,US,41.3712,-73.414,51.01,71,99,2.89,overcast clouds
111,Constitucion,CL,-35.3333,-72.4167,55.17,72,37,8.12,scattered clouds
112,Katherine,AU,-14.4667,132.2667,91.4,46,93,10.36,overcast clouds
113,Nikolskoye,RU,59.7035,30.7861,37.99,86,90,4.47,overcast clouds
114,Tasiilaq,GL,65.6145,-37.6368,30.2,80,80,2.04,broken clouds
115,Jinzhou,CN,41.1078,121.1417,66.24,18,100,15.55,overcast clouds
116,Chapais,CA,49.7834,-74.8492,37.4,75,1,4.61,clear sky
117,Thompson,CA,55.7435,-97.8558,12.2,79,75,5.01,broken clouds
118,Pevek,RU,69.7008,170.3133,19.62,91,84,6.11,broken clouds
119,Sant Julia De Loria,AD,42.4625,1.4825,51.01,91,98,4.45,overcast clouds
120,Santo Antonio Do Sudoeste,BR,-26.0736,-53.7253,46.51,73,0,3.85,clear sky
121,Necochea,AR,-38.5473,-58.7368,55.99,85,2,3.0,clear sky
122,Kalmunai,LK,7.4167,81.8167,87.35,63,89,10.58,overcast clouds
123,Sakakah,SA,29.9697,40.2064,78.8,19,0,5.75,clear sky
124,Dalgopol,BG,43.05,27.35,55.0,76,75,11.5,broken clouds
125,Looc,PH,12.2605,121.9926,84.38,56,52,9.1,broken clouds
126,Abingdon,GB,51.6711,-1.2828,46.4,81,75,12.66,broken clouds
127,Vila,PT,42.0304,-8.1588,51.01,91,92,7.0,overcast clouds
128,Avarua,CK,-21.2078,-159.775,80.6,83,40,8.05,scattered clouds
129,Broome,US,42.2506,-75.833,54.0,88,97,3.56,overcast clouds
130,Kaeo,NZ,-35.1,173.7833,53.01,82,33,3.0,scattered clouds
131,Fort Nelson,CA,58.8053,-122.7002,14.0,92,75,1.88,broken clouds
132,Atar,MR,20.5169,-13.0499,77.68,28,0,8.59,clear sky
133,Santa Cruz,BO,-17.8,-63.1667,66.2,68,75,6.91,broken clouds
134,Martil,MA,35.6166,-5.2752,62.6,82,40,3.44,scattered clouds
135,Chiang Rai,TH,19.9167,99.9167,89.01,58,40,5.75,scattered clouds
136,Agirish,RU,61.9247,63.0231,44.87,50,99,6.31,overcast clouds
137,Ostrovnoy,RU,68.0531,39.5131,28.53,81,57,11.74,broken clouds
138,Lebu,CL,-37.6167,-73.65,53.91,89,92,2.26,overcast clouds
139,Henties Bay,NA,-22.116,14.2845,60.01,95,2,5.01,clear sky
140,Prince Rupert,CA,54.3161,-130.3201,46.4,81,90,14.97,light rain
141,Chunhuhub,MX,19.55,-88.6833,70.9,99,38,2.24,scattered clouds
142,San Patricio,US,28.017,-97.5169,75.99,94,75,13.8,broken clouds
143,Georgetown,MY,5.4112,100.3354,88.0,66,20,5.75,few clouds
144,Vung Tau,VN,10.346,107.0843,85.24,68,51,13.91,broken clouds
145,Dingle,PH,10.9995,122.6711,85.91,59,79,10.22,broken clouds
146,Yeppoon,AU,-23.1333,150.7333,73.4,64,90,5.75,overcast clouds
147,Kapit,MY,2.0167,112.9333,86.09,66,73,4.07,broken clouds
148,Hanyang,CN,32.1371,105.5126,70.11,30,100,3.98,overcast clouds
149,Kodiak,US,57.79,-152.4072,44.6,81,90,18.41,light rain
150,Burnie,AU,-41.0667,145.9167,54.0,80,100,1.99,overcast clouds
151,Limbang,MY,4.75,115.0,87.8,70,75,8.05,heavy intensity rain
152,Torbay,CA,47.6666,-52.7314,43.0,87,90,8.05,overcast clouds
153,Karratha,AU,-20.7377,116.8463,91.4,21,0,8.97,clear sky
154,Khani,GE,41.9563,42.9566,73.4,53,0,2.3,clear sky
155,Kilindoni,TZ,-7.9139,39.6668,81.07,79,74,9.62,light rain
156,Capinopolis,BR,-18.6819,-49.5697,61.75,63,2,3.06,clear sky
157,Santa Cruz De La Palma,ES,28.6835,-17.7642,68.0,64,20,1.14,few clouds
158,Sistranda,NO,63.7256,8.834,33.8,93,40,3.33,light snow
159,Dryden,CA,49.7833,-92.7503,37.4,87,1,2.93,clear sky
160,Rorvik,NO,64.8621,11.2373,35.6,87,40,2.3,scattered clouds
161,Dawei,MM,14.0833,98.2,85.82,71,88,4.92,overcast clouds
162,Arlit,NE,18.7369,7.3853,97.27,7,0,6.24,clear sky
163,Nurota,UZ,40.5614,65.6886,93.2,12,0,9.22,clear sky
164,Solnechnyy,RU,50.7214,136.6319,52.32,57,100,8.01,overcast clouds
165,Chernushka,RU,56.5072,56.0766,46.08,54,75,19.77,broken clouds
166,Nantucket,US,41.2835,-70.0995,48.2,87,75,4.61,broken clouds
167,Kemijarvi,FI,66.7131,27.4306,32.79,66,98,6.33,overcast clouds
168,Totness,SR,5.8833,-56.3167,75.18,91,100,3.87,overcast clouds
169,Aksarka,RU,66.5606,67.7975,29.84,86,97,7.78,overcast clouds
170,Mikuni,JP,36.2171,136.1519,64.4,72,90,10.36,overcast clouds
171,Klyuchi,RU,52.2667,79.1667,71.94,35,100,18.32,overcast clouds
172,Carroll,US,39.5501,-77.0164,64.99,71,100,7.38,overcast clouds
173,Vanavara,RU,60.34,102.2797,40.21,54,61,6.42,broken clouds
174,Niimi,JP,34.9833,133.4667,64.4,88,75,5.75,broken clouds
175,Trairi,BR,-3.2778,-39.2689,75.94,85,100,6.58,overcast clouds
176,Lorengau,PG,-2.0226,147.2712,82.74,75,51,7.76,heavy intensity rain
177,Guerrero Negro,MX,27.9769,-114.0611,57.38,81,3,17.58,clear sky
178,Dese,ET,11.1333,39.6333,61.68,69,80,4.65,light rain
179,Esperance,AU,-33.8667,121.9,73.4,56,40,13.8,scattered clouds
180,Hambantota,LK,6.1241,81.1185,91.4,75,75,10.36,broken clouds
181,Patiya,BD,22.2931,91.9762,93.2,59,40,4.61,haze
182,Bengkulu,ID,-3.8004,102.2655,83.46,76,92,4.65,overcast clouds
183,Zhigansk,RU,66.7697,123.3711,28.72,77,83,2.57,broken clouds
184,Ekhabi,RU,53.5102,142.9671,31.1,78,100,13.89,overcast clouds
185,Naze,JP,28.3667,129.4833,73.4,73,75,10.36,broken clouds
186,Pecos,US,31.4229,-103.4932,66.99,23,1,9.22,clear sky
187,East London,ZA,-33.0153,27.9116,66.2,63,0,2.3,clear sky
188,Gushikawa,JP,26.3544,127.8686,75.2,69,75,12.66,broken clouds
189,Vila Franca Do Campo,PT,37.7167,-25.4333,57.2,88,75,6.91,broken clouds
190,Veraval,IN,20.9,70.3667,89.76,50,1,11.23,clear sky
191,Price,US,39.5994,-110.8107,39.2,81,75,9.22,broken clouds
192,Gat,IL,31.61,34.7642,77.0,44,0,1.01,clear sky
193,Shimoda,JP,34.6667,138.95,68.0,60,75,17.27,broken clouds
194,Casper,US,42.8666,-106.3131,37.0,93,1,9.22,clear sky
195,Bathsheba,BB,13.2167,-59.5167,78.8,65,75,13.8,broken clouds
196,Vestmannaeyjar,IS,63.4427,-20.2734,42.69,71,1,18.66,clear sky
197,Hofn,IS,64.2539,-15.2082,39.2,81,20,9.22,few clouds
198,Lagunas,PE,-5.2269,-75.6753,71.28,99,100,1.14,overcast clouds
199,Walvis Bay,NA,-22.9575,14.5053,61.0,100,90,9.22,overcast clouds
200,Bacolod,PH,10.6667,122.95,85.15,63,95,13.15,overcast clouds
201,Tutoia,BR,-2.7619,-42.2744,77.56,88,94,6.2,overcast clouds
202,Miresu Mare,RO,47.5,23.3333,55.4,50,0,11.5,clear sky
203,San-Pedro,CI,4.7485,-6.6363,78.96,89,100,3.83,light rain
204,Kloulklubed,PW,7.0419,134.2556,84.2,74,75,4.61,broken clouds
205,Tazovskiy,RU,67.4667,78.7,32.54,99,100,4.99,overcast clouds
206,Matipo,BR,-20.2839,-42.3411,61.57,94,0,2.13,clear sky
207,Vagur,FO,61.4732,-6.8119,39.76,64,99,12.33,overcast clouds
208,Kahului,US,20.8947,-156.47,71.6,94,40,4.61,scattered clouds
209,Mehamn,NO,71.0357,27.8492,26.6,74,75,16.11,broken clouds
210,Klaksvik,FO,62.2266,-6.589,35.6,87,75,19.57,broken clouds
211,Doka,SD,13.5167,35.7667,98.33,18,33,8.93,scattered clouds
212,Tala,EG,30.6803,30.9429,81.66,23,0,9.53,clear sky
213,Victoria,HK,22.2855,114.1577,80.01,80,52,1.01,broken clouds
214,Mala,PE,-12.6581,-76.6308,65.53,93,98,2.57,overcast clouds
215,Hobyo,SO,5.3505,48.5268,87.42,63,89,9.73,overcast clouds
216,Chuy,UY,-33.6971,-53.4616,50.09,87,3,6.2,clear sky
217,Nola,IT,40.922,14.5329,66.99,72,40,6.91,scattered clouds
218,Moravsky Beroun,CZ,49.7937,17.4421,52.0,33,73,14.0,broken clouds
219,Sao Filipe,CV,14.8961,-24.4956,72.16,75,4,9.44,clear sky
220,Sangar,RU,63.9242,127.4739,28.98,79,84,10.04,broken clouds
221,Rawson,AR,-43.3002,-65.1023,61.79,61,100,10.38,overcast clouds
222,Terney,RU,45.0503,136.6092,41.76,97,100,5.32,overcast clouds
223,Whitehorse,CA,60.7161,-135.0538,24.8,50,1,6.91,clear sky
224,Singkang,MY,2.1006,102.7994,87.8,70,20,6.91,few clouds
225,Amnat Charoen,TH,15.9167,104.75,95.0,44,88,9.31,light rain
226,Dalby,AU,-27.1833,151.2667,69.01,50,100,1.99,overcast clouds
227,Rantepao,ID,-2.9701,119.8978,74.32,94,100,2.06,overcast clouds
228,Zaysan,KZ,47.4667,84.8667,72.52,25,91,5.95,overcast clouds
229,Mayor Pablo Lagerenza,PY,-19.9309,-60.7718,56.44,57,67,4.18,broken clouds
230,Horta,PT,38.5333,-28.6333,59.0,72,75,14.97,broken clouds
231,Dudinka,RU,69.4058,86.1778,33.22,99,100,13.94,snow
232,Gizo,SB,-8.103,156.8419,80.29,81,100,14.63,overcast clouds
233,Pangnirtung,CA,66.1451,-65.7125,16.21,57,1,7.61,clear sky
234,Kungurtug,RU,50.5994,97.5228,41.04,85,100,3.94,moderate rain
235,Faanui,PF,-16.4833,-151.75,81.84,72,20,12.93,few clouds
236,Akdepe,TM,42.0551,59.3788,91.4,16,0,9.22,clear sky
237,Noumea,NC,-22.2763,166.4572,69.8,73,0,3.44,clear sky
238,Svetlogorsk,BY,52.6333,29.7333,43.23,66,100,7.45,overcast clouds
239,Rayong,TH,12.8333,101.4333,90.0,100,100,3.11,light rain
240,Udachnyy,RU,66.4167,112.4,33.1,94,16,10.07,few clouds
241,Puerto Ayora,EC,-0.7393,-90.3518,74.26,93,21,6.29,few clouds
242,Bonthe,SL,7.5264,-12.505,79.81,77,100,3.49,overcast clouds
243,Codrington,AU,-38.2667,141.9667,54.75,82,98,3.44,overcast clouds
244,Karakol,KG,42.4907,78.3936,65.39,31,1,8.75,clear sky
245,Stodolishche,RU,54.1859,32.6492,39.9,85,100,10.29,light rain
246,Kyzyl-Suu,KG,42.3414,78.0056,60.94,40,1,5.59,clear sky
247,Cordoba,AR,-31.4135,-64.1811,54.0,87,0,2.3,clear sky
248,Cayenne,GF,4.9333,-52.3333,73.99,100,75,5.48,broken clouds
249,Prieska,ZA,-29.6641,22.7474,67.26,38,70,4.94,broken clouds
250,Evensk,RU,61.95,159.2333,23.56,77,0,7.43,clear sky
251,Tuatapere,NZ,-46.1333,167.6833,54.0,90,96,7.0,overcast clouds
252,San Policarpo,PH,12.1791,125.5072,81.37,71,48,9.55,scattered clouds
253,Beroroha,MG,-21.6667,45.1667,86.43,48,0,3.4,clear sky
254,Los Andes,CL,-32.8337,-70.5983,60.01,87,0,3.44,clear sky
255,Saint-Francois,FR,46.4154,3.9054,55.99,87,100,1.14,overcast clouds
256,Cherskiy,RU,68.75,161.3,27.7,85,70,10.0,broken clouds
257,Ayan,RU,56.45,138.1667,30.56,86,100,15.88,overcast clouds
258,Alamosa,US,37.4695,-105.87,33.8,60,1,4.61,clear sky
259,Bowen,AU,-20.0167,148.2333,73.4,78,75,10.36,broken clouds
260,Warrington,GB,53.3925,-2.5802,51.01,76,75,13.8,broken clouds
261,Ancud,CL,-41.8697,-73.8203,54.0,100,90,1.05,fog
262,Satipo,PE,-11.2522,-74.6386,67.41,98,100,0.47,overcast clouds
263,Morant Bay,JM,17.8815,-76.4093,78.8,65,20,4.61,few clouds
264,Abu Dhabi,AE,24.4667,54.3667,100.4,19,20,5.75,few clouds
265,Namyslow,PL,51.0759,17.7228,54.0,45,29,5.99,scattered clouds
266,Manokwari,ID,-0.8667,134.0833,83.21,70,28,3.27,scattered clouds
267,Oro Valley,US,32.3909,-110.9665,55.0,68,100,1.01,overcast clouds
268,Chitral,PK,35.8462,71.7858,68.58,43,5,3.74,clear sky
269,Kruisfontein,ZA,-34.0033,24.7314,68.0,73,99,1.99,overcast clouds
270,Pitimbu,BR,-7.4706,-34.8086,73.4,100,75,4.61,broken clouds
271,Bardiyah,LY,31.7561,25.0865,79.9,24,1,7.67,clear sky
272,Ferrol,ES,43.4832,-8.2369,54.0,76,40,4.61,scattered clouds
273,Hay River,CA,60.8156,-115.7999,12.2,57,92,5.75,overcast clouds
274,Grindavik,IS,63.8424,-22.4338,42.8,81,90,9.22,overcast clouds
275,Waipawa,NZ,-41.4122,175.5153,51.8,76,2,6.91,clear sky
276,Tautira,PF,-17.7333,-149.15,78.8,78,20,3.44,few clouds
277,Tromso,NO,69.6496,18.957,30.2,80,75,6.91,light snow
278,Agadez,NE,19.75,10.25,93.31,8,0,7.16,clear sky
279,Lasa,IT,46.6166,10.7002,55.99,93,90,5.75,overcast clouds
280,Rio De Janeiro,BR,-22.9028,-43.2075,69.8,94,90,3.44,overcast clouds
281,Key West,US,24.5557,-81.7826,78.8,65,75,12.66,broken clouds
282,Soure,BR,-0.7167,-48.5233,76.87,86,100,4.99,overcast clouds
283,Kaitangata,NZ,-46.2817,169.8464,53.01,72,77,3.0,broken clouds
284,Tayginka,RU,55.6244,60.5076,47.77,59,100,13.6,overcast clouds
285,Vostok,RU,46.4856,135.8833,41.07,94,100,5.75,moderate rain
286,Cabo San Lucas,MX,22.8909,-109.9124,69.01,74,20,1.01,few clouds
287,Taft,IR,31.7471,54.2088,79.0,21,45,5.41,scattered clouds
288,Wanning,CN,18.8003,110.3967,82.62,71,65,5.7,broken clouds
289,Northam,GB,51.0333,-4.2167,44.01,89,85,11.01,overcast clouds
290,Talcahuano,CL,-36.7167,-73.1167,48.2,100,0,8.05,clear sky
291,Chicama,PE,-7.8447,-79.1469,65.61,90,100,5.01,overcast clouds
292,Bolitoc,PH,15.7395,119.8769,85.33,64,38,8.08,scattered clouds
293,Caborca,MX,30.5838,-111.101,57.0,60,7,2.04,clear sky
294,Redmond,US,47.674,-122.1215,48.99,89,97,3.2,overcast clouds
295,Lavrentiya,RU,65.5833,-171.0,29.03,95,100,1.86,overcast clouds
296,The Valley,AI,18.217,-63.0578,77.0,78,75,13.8,broken clouds
297,Bhag,PK,29.0415,67.8239,106.88,8,99,6.89,overcast clouds
298,Ngunguru,NZ,-35.6167,174.5,53.01,82,1,3.0,clear sky
299,Aksu,CN,41.1231,80.2644,79.32,10,0,5.7,clear sky
300,Catuday,PH,16.2923,119.8062,82.17,67,96,12.46,overcast clouds
301,Tuktoyaktuk,CA,69.4541,-133.0374,4.23,90,23,7.7,few clouds
302,Goderich,CA,43.7501,-81.7165,51.8,87,100,8.05,overcast clouds
303,Rio Gallegos,AR,-51.6226,-69.2181,37.4,93,0,8.05,clear sky
304,Orange,US,33.7,-117.7675,55.0,74,0,2.24,clear sky
305,Muros,ES,42.7762,-9.0603,55.99,68,91,10.0,overcast clouds
306,Oktyabrskiy,RU,54.4815,53.471,50.41,45,95,21.83,overcast clouds
307,Belmonte,BR,-15.8631,-38.8828,68.0,94,0,3.44,clear sky
308,Beloha,MG,-25.1667,45.05,88.93,36,0,4.05,clear sky
309,Lompoc,US,34.6391,-120.4579,48.2,93,2,3.44,clear sky
310,Mareeba,AU,-17.0,145.4333,77.0,69,40,13.8,scattered clouds
311,Fortuna,US,40.5982,-124.1573,48.99,100,75,3.53,broken clouds
312,Hualmay,PE,-11.0964,-77.6139,65.01,92,96,5.95,overcast clouds
313,Nanortalik,GL,60.1432,-45.2371,34.88,87,100,6.58,overcast clouds
314,Mundgod,IN,14.9667,75.0333,99.34,24,1,2.66,clear sky
315,Moree,AU,-29.4667,149.85,68.0,45,87,2.3,overcast clouds
316,Moose Factory,CA,51.2585,-80.6094,32.0,69,1,6.91,clear sky
317,Batagay,RU,67.6333,134.6333,25.97,77,100,3.15,overcast clouds
318,Nagato,JP,34.3833,131.2,62.6,82,75,10.36,broken clouds
319,Ucluelet,CA,48.9329,-125.5528,51.01,88,100,3.67,overcast clouds
320,Moron,AR,-34.6534,-58.6198,59.0,98,0,3.94,clear sky
321,Cap Malheureux,MU,-19.9842,57.6142,78.01,83,100,10.0,light rain
322,Marzuq,YE,14.4,46.4667,79.75,46,53,3.74,broken clouds
323,Santa Rosa,PH,14.3122,121.1114,89.6,58,20,9.22,few clouds
324,Jalu,LY,29.0331,21.5482,86.05,13,0,13.33,clear sky
325,Tarpon Springs,US,28.1461,-82.7568,72.0,78,1,5.75,clear sky
326,Kasongo-Lunda,CD,-6.4667,16.8167,76.53,86,98,0.83,light rain
327,Palu,ID,-0.8917,119.8707,81.28,88,99,2.24,overcast clouds
328,Lamar,US,33.6668,-95.5836,71.01,94,90,5.75,overcast clouds
329,Barillas,GT,15.8036,-91.3158,62.6,82,75,3.11,broken clouds
330,Comodoro Rivadavia,AR,-45.8667,-67.5,55.4,50,0,11.5,clear sky
331,Buenavista,PH,8.9769,125.4089,83.25,74,25,5.5,scattered clouds
332,Kelo,TD,9.3086,15.8066,90.95,37,99,2.82,overcast clouds
333,Saldanha,ZA,-33.0117,17.9442,55.4,94,0,3.44,clear sky
334,Praya,CV,14.9215,-23.5087,69.8,73,75,13.8,broken clouds
335,Port Moresby,PG,-9.4431,147.1797,78.8,89,75,11.5,moderate rain
336,Praia Da Vitoria,PT,38.7333,-27.0667,59.0,88,75,9.91,broken clouds
337,Yumen,CN,40.2833,97.2,70.5,7,93,34.56,overcast clouds
338,Namibe,AO,-15.1961,12.1522,68.0,88,40,7.92,scattered clouds
339,Road Town,VG,18.4167,-64.6167,75.2,78,90,9.22,overcast clouds
340,Quatre Cocos,MU,-20.2078,57.7625,78.8,89,75,18.41,moderate rain
341,Barcelos,PT,41.5388,-8.6151,59.0,88,40,2.3,scattered clouds
342,Tiksi,RU,71.6872,128.8694,26.06,85,100,17.11,overcast clouds
343,Mount Isa,AU,-20.7333,139.5,84.2,23,0,8.05,clear sky
344,Bunol,ES,39.4167,-0.7833,63.0,99,7,1.01,clear sky
345,Lac-Megantic,CA,45.5834,-70.8823,37.99,80,1,4.03,clear sky
346,Olavarria,AR,-36.8927,-60.3225,50.9,90,0,6.31,clear sky
347,Flinders,AU,-34.5833,150.8552,64.99,73,85,5.01,overcast clouds
348,Tete,MZ,-16.1564,33.5867,89.6,58,40,6.91,scattered clouds
349,Egvekinot,RU,66.3167,-179.1667,18.0,91,70,7.52,broken clouds
350,Amahai,ID,-3.3333,128.9167,83.66,67,72,4.18,broken clouds
351,Martan-Chu,RU,43.0637,45.5622,57.2,77,90,2.24,overcast clouds
352,Husavik,IS,66.0449,-17.3389,33.8,86,90,11.5,overcast clouds
353,Ballitoville,ZA,-29.539,31.2144,78.01,60,0,6.91,clear sky
354,Chara,RU,56.9064,118.2631,25.2,66,100,12.08,overcast clouds
355,Yabrud,SY,33.9674,36.6574,73.4,35,0,5.75,clear sky
356,College,US,64.8569,-147.8028,37.4,51,75,5.64,broken clouds
357,Rocha,UY,-34.4833,-54.3333,49.8,92,0,4.45,clear sky
358,Narsaq,GL,60.9167,-46.05,35.6,75,100,2.3,overcast clouds
359,Kedrovyy,RU,56.1667,91.8167,55.4,47,40,15.66,scattered clouds
360,Gamboula,CF,4.1178,15.1393,75.6,79,100,4.09,overcast clouds
361,Prince George,CA,53.9166,-122.753,42.01,93,90,14.97,moderate rain
362,Gamba,GA,-2.65,10.0,81.01,77,100,4.27,overcast clouds
363,Port Hardy,CA,50.6996,-127.4199,48.2,93,90,9.22,moderate rain
364,Belyy Yar,RU,53.6039,91.3903,53.6,87,0,6.71,light rain
365,Suyo,PH,16.9762,120.5254,86.43,59,54,6.76,broken clouds
366,Batouri,CM,4.4333,14.3667,76.15,75,98,2.77,overcast clouds
367,Katsuura,JP,35.1333,140.3,71.6,56,75,20.71,broken clouds
368,Isla Mujeres,MX,21.2311,-86.731,80.01,88,20,9.4,few clouds
369,Anna Paulowna,NL,52.862,4.834,51.01,57,1,12.66,clear sky
370,Sanming,CN,26.2486,117.6186,69.12,97,100,2.71,light rain
371,Puno,PE,-15.8333,-70.0333,38.37,58,100,1.86,overcast clouds
372,Kaka,TM,37.3482,59.6143,89.51,19,6,7.65,clear sky
373,Taylor,US,32.3001,-99.8337,73.99,88,90,18.41,light rain
374,Xining,CN,36.6167,101.7667,58.44,13,99,22.86,overcast clouds
375,Nalut,LY,30.3333,10.85,93.2,10,86,10.16,overcast clouds
376,Baruun-Urt,MN,46.6806,113.2792,44.22,33,100,17.85,overcast clouds
377,Nishihara,JP,26.1842,127.7558,75.2,64,75,9.22,broken clouds
378,Beringovskiy,RU,63.05,179.3167,23.97,88,26,7.05,scattered clouds
379,Diamantino,BR,-14.4086,-56.4461,65.5,80,28,4.74,scattered clouds
380,Yankton,US,42.8711,-97.3973,46.99,93,1,3.44,clear sky
381,Bolobo,CD,-2.1667,16.2333,75.18,88,100,2.08,overcast clouds
382,Kirya,TZ,-3.9167,37.4833,76.44,70,95,6.15,overcast clouds
383,Bara,NG,10.3744,10.7288,89.37,50,100,7.94,overcast clouds
384,Orbetello,IT,42.4408,11.2196,57.2,93,90,10.36,fog
385,Olafsvik,IS,64.8945,-23.7142,42.98,78,10,5.3,clear sky
386,Carballo,ES,43.213,-8.691,54.0,80,93,3.0,overcast clouds
387,Elko,US,41.0002,-115.5012,39.99,64,1,3.58,clear sky
388,Lazaro Cardenas,MX,17.9583,-102.2,76.28,80,7,0.67,clear sky
389,Emirdag,TR,39.0197,31.15,71.6,30,0,4.61,clear sky
390,Mangrol,IN,21.1167,70.1167,89.42,48,2,9.62,clear sky
391,Ewa Beach,US,21.3156,-158.0072,77.0,69,90,10.36,overcast clouds
392,Hailar,CN,49.2,119.7,38.07,48,100,16.02,overcast clouds
393,Saint-Pierre,RE,-21.3393,55.4781,86.0,66,100,8.05,light rain
394,Leningradskiy,RU,69.3833,178.4167,19.27,81,69,9.8,broken clouds
395,Sokoni,TZ,-6.4333,39.55,84.2,83,75,13.8,light rain
396,Kiunga,PG,-6.1219,141.2906,77.85,96,100,2.91,heavy intensity rain
397,Wanparti,IN,16.3667,78.0667,101.46,19,16,5.1,few clouds
398,Cervo,ES,43.6702,-7.4101,54.0,78,97,6.62,overcast clouds
399,Avera,US,33.194,-82.5271,64.4,82,1,3.44,clear sky
400,Mastic Beach,US,40.7668,-72.8521,53.01,76,90,6.35,overcast clouds
401,Biltine,TD,14.5333,20.9167,94.71,9,14,21.45,few clouds
402,Wangkui,CN,46.8333,126.5,54.77,19,56,17.2,broken clouds
403,Birobidzhan,RU,48.8,132.95,49.62,77,100,5.26,light rain
404,Talnakh,RU,69.4865,88.3972,33.4,97,100,10.18,overcast clouds
405,Batticaloa,LK,7.7102,81.6924,87.22,62,77,8.32,broken clouds
406,Menongue,AO,-14.6585,17.691,77.14,47,5,5.64,clear sky
407,Valdivia,CL,-39.8142,-73.2459,59.0,88,90,4.61,overcast clouds
408,Saratoga Springs,US,43.0831,-73.7846,50.0,85,100,2.24,overcast clouds
409,Yarke Pole,UA,45.608,34.3172,52.11,72,98,9.22,overcast clouds
410,Ossora,RU,59.2353,163.0719,27.36,84,97,6.46,overcast clouds
411,Yar-Sale,RU,66.8333,70.8333,28.09,90,92,13.4,overcast clouds
412,Mana,GF,5.6592,-53.7767,75.33,89,88,4.16,overcast clouds
413,Jumla,NP,29.2747,82.1838,62.37,50,99,7.31,overcast clouds
414,Berlevag,NO,70.8578,29.0864,26.6,74,20,21.85,light snow
415,Bargarh,IN,21.3333,83.6167,107.96,4,35,3.2,scattered clouds
416,Krasnoyarka,RU,55.3333,73.1167,57.2,54,75,8.95,broken clouds
417,Gweta,BW,-20.1833,25.2333,78.62,30,96,6.46,overcast clouds
418,Gumdag,TM,39.2061,54.5906,75.43,42,14,8.1,few clouds
419,Vardo,NO,70.3705,31.1107,26.6,80,40,12.66,light snow
420,Awjilah,LY,29.1081,21.2869,86.5,13,0,14.83,clear sky
421,Daokou,CN,35.5639,114.5058,79.12,8,60,20.62,broken clouds
422,Aberdeen,GB,57.1437,-2.0981,44.6,70,20,11.5,few clouds
423,Trofors,NO,65.5333,13.4063,37.0,86,40,2.3,scattered clouds
424,Palauig,PH,15.435,119.9045,83.34,70,63,6.08,broken clouds
425,Itarema,BR,-2.9248,-39.9167,74.82,90,85,8.1,overcast clouds
426,Carbonia,IT,39.1672,8.5222,66.2,68,20,6.91,few clouds
427,Solenzo,BF,12.1833,-4.0833,90.03,40,65,11.25,broken clouds
428,Santa Isabel Do Rio Negro,BR,-0.4139,-65.0192,71.56,99,100,1.34,overcast clouds
429,Vokhtoga,RU,58.8147,41.0461,39.61,83,100,9.71,moderate rain
430,Carutapera,BR,-1.195,-46.02,75.88,85,100,3.56,overcast clouds
431,Trapani,IT,37.8333,12.6667,64.99,82,20,1.14,few clouds
432,Wamba,NG,8.9333,8.6,84.24,65,100,3.38,overcast clouds
433,Namatanai,PG,-3.6667,152.4333,80.8,79,70,5.44,light rain
434,Clyde River,CA,70.4692,-68.5914,8.6,72,1,2.3,clear sky
435,Ati,TD,13.2154,18.3353,96.78,6,26,16.64,scattered clouds
436,Sao Joao Da Barra,BR,-21.6403,-41.0511,70.36,92,30,8.77,scattered clouds
437,Sedro-Woolley,US,48.5039,-122.2361,50.0,87,90,3.04,overcast clouds
438,Bubaque,GW,11.2833,-15.8333,78.13,60,75,8.9,broken clouds
439,Mujiayingzi,CN,42.1167,118.7833,58.71,12,100,19.82,overcast clouds
440,Arauca,CO,7.0847,-70.7591,73.4,100,100,2.3,overcast clouds
441,Maturin,VE,9.75,-63.1767,71.85,92,91,2.44,overcast clouds
442,Porbandar,IN,21.6422,69.6093,93.2,55,1,11.5,clear sky
443,Ambilobe,MG,-13.2,49.05,88.2,55,94,2.98,overcast clouds
444,Sao Miguel Do Araguaia,BR,-13.275,-50.1628,71.29,80,19,3.27,few clouds
445,Pacific Grove,US,36.6177,-121.9166,53.6,62,1,3.58,clear sky
446,Viru,PE,-8.4167,-78.75,67.19,86,97,1.14,overcast clouds
447,Calbuco,CL,-41.768,-73.1273,53.6,100,90,2.3,drizzle
448,Marshall,US,34.3834,-86.3333,68.0,73,1,4.61,clear sky
449,Cutler,US,25.6151,-80.3106,75.99,73,1,8.05,clear sky
450,Inirida,CO,3.8653,-67.9239,71.4,98,100,2.08,overcast clouds
451,Hammerfest,NO,70.6634,23.6821,26.6,80,75,12.66,light snow
452,Ribeira Grande,PT,38.5167,-28.7,59.0,72,75,14.97,broken clouds
453,Dodge City,US,37.7528,-100.0171,64.0,77,1,8.05,clear sky
454,Santa Lucia,ES,27.9117,-15.5407,68.0,72,75,3.44,broken clouds
455,Dobrinka,RU,52.1653,40.4731,47.23,46,33,11.48,scattered clouds
456,Shudayag,RU,63.5266,53.6058,37.29,97,100,0.47,overcast clouds
457,Ust-Tarka,RU,55.5672,75.705,51.58,64,99,6.76,overcast clouds
458,Palembang,ID,-2.9167,104.7458,86.0,70,75,13.8,broken clouds
459,Teguise,ES,29.0605,-13.564,66.2,72,20,4.61,few clouds
460,Iskateley,RU,67.6803,53.1512,27.39,66,100,7.14,overcast clouds
461,Larnaca,CY,34.9167,33.6292,75.2,73,1,6.91,clear sky
462,Yarmouth,US,41.7057,-70.2286,50.0,66,90,3.44,moderate rain
463,Quanzhou,CN,24.9139,118.5858,71.6,94,90,6.71,light rain
464,Sitka,US,57.0531,-135.33,44.6,93,90,5.75,light rain
465,San Carlos,VE,9.6612,-68.5827,73.02,90,100,1.32,overcast clouds
466,Pedasi,PA,7.5333,-80.0333,79.27,72,69,13.47,broken clouds
467,Shishou,CN,29.7226,112.419,74.86,44,95,10.4,overcast clouds
468,Matadi,CD,-5.8167,13.45,80.92,84,100,1.92,overcast clouds
469,Agadir,MA,30.4202,-9.5982,64.4,88,75,3.44,broken clouds
470,Kiama,AU,-34.6833,150.8667,64.99,73,93,5.01,overcast clouds
471,Sundsvall,SE,62.3913,17.3063,41.0,45,20,11.5,few clouds
472,Omboue,GA,-1.5746,9.2618,80.55,85,100,5.61,overcast clouds
473,Nanakuli,US,21.3906,-158.1547,75.2,73,40,3.44,light rain
474,Khash,IR,28.2211,61.2158,87.06,11,53,4.56,broken clouds
475,Kamaishi,JP,39.2667,141.8833,64.4,52,75,4.61,broken clouds
476,Turayf,SA,31.6725,38.6637,71.6,37,0,7.43,clear sky
477,Axim,GH,4.8699,-2.2405,83.91,77,100,5.84,overcast clouds
478,Paraiso,CR,9.8383,-83.8656,68.0,60,0,8.05,clear sky
479,Kavieng,PG,-2.5744,150.7967,82.49,73,75,5.26,light rain
480,Hollabrunn,AT,48.55,16.0833,57.99,54,20,23.02,few clouds
481,Antofagasta,CL,-23.65,-70.4,59.0,67,0,4.61,clear sky
482,Penzance,GB,50.1186,-5.5371,48.2,81,40,14.97,scattered clouds
483,Boguchany,RU,58.3814,97.4531,46.8,60,59,8.59,broken clouds
484,Srednekolymsk,RU,67.45,153.6833,30.92,96,100,2.82,overcast clouds
485,Tsaratanana,MG,-16.7833,47.65,84.04,57,8,9.71,clear sky
486,Byron Bay,AU,-28.65,153.6167,64.4,94,90,5.75,overcast clouds
487,Ullapool,GB,57.8987,-5.1604,44.01,70,96,1.01,overcast clouds
488,Bairiki,KI,1.3292,172.9752,82.4,78,75,4.61,broken clouds
489,Baykit,RU,61.67,96.37,39.36,91,100,5.84,overcast clouds
490,Igurusi,TZ,-8.85,33.85,74.68,69,44,4.92,light rain
491,Khandbari,NP,27.3747,87.2039,93.22,10,8,8.61,clear sky
492,Bay Roberts,CA,47.5999,-53.2648,43.0,94,94,6.82,overcast clouds
493,Te Anau,NZ,-45.4167,167.7167,47.26,94,100,1.72,overcast clouds
494,Nasice,HR,45.4886,18.0878,48.99,91,100,5.19,overcast clouds
495,San Jeronimo,PE,-11.9472,-75.2829,45.77,81,99,1.88,overcast clouds
496,Ramsgate,GB,51.3358,1.4155,50.0,83,100,14.47,overcast clouds
497,Labuhan,ID,-6.8844,112.2051,84.7,64,83,6.31,broken clouds
498,Westport,US,41.1415,-73.3579,53.01,71,1,6.91,clear sky
499,San Cristobal,VE,7.7669,-72.225,64.96,97,97,1.83,overcast clouds
500,Pundaguitan,PH,6.3711,126.1689,83.08,73,77,11.12,broken clouds
501,Broken Hill,AU,-31.95,141.4333,71.6,26,61,12.66,broken clouds
502,Kenai,US,60.5544,-151.2583,37.0,75,1,8.05,clear sky
503,Port Hedland,AU,-20.3167,118.5667,95.0,20,0,11.5,clear sky
504,Sorochinsk,RU,52.4338,53.1583,50.72,49,100,15.75,overcast clouds
505,Lakes Entrance,AU,-37.8811,147.981,57.0,82,9,1.01,clear sky
506,Myskhako,RU,44.6714,37.7433,57.2,72,75,6.71,light rain
507,Waingapu,ID,-9.6567,120.2641,81.73,62,15,5.39,few clouds
508,Okhotsk,RU,59.3833,143.3,32.79,70,95,3.24,overcast clouds
509,Buta,CD,2.7858,24.73,83.19,62,100,4.05,overcast clouds
510,Liberal,US,37.0431,-100.921,53.6,76,1,11.5,clear sky
511,Lumby,CA,50.2498,-118.969,46.0,57,90,2.3,overcast clouds
512,Ixtapa,MX,20.7,-105.2,69.82,78,89,1.43,overcast clouds
513,Plettenberg Bay,ZA,-34.0527,23.3716,66.04,69,54,4.45,broken clouds
514,Gusau,NG,12.1628,6.6614,88.47,45,29,8.59,scattered clouds
515,Caravelas,BR,-17.7125,-39.2481,70.9,86,93,2.8,overcast clouds
516,Otjiwarongo,NA,-20.4637,16.6477,76.21,31,0,9.91,clear sky
517,Koson,UZ,39.0375,65.585,95.0,14,0,6.91,clear sky
518,Lai,TD,9.3952,16.2989,93.4,35,100,2.17,overcast clouds
519,Sawtell,AU,-30.3833,153.1,66.2,72,90,8.05,overcast clouds
520,Qaqortoq,GL,60.7167,-46.0333,35.6,75,100,2.3,overcast clouds
521,Kismayo,SO,-0.3582,42.5454,87.55,62,19,9.8,few clouds
522,Nabire,ID,-3.3667,135.4833,82.54,75,84,1.43,broken clouds
523,Mvuma,ZW,-19.2792,30.5283,77.4,37,31,4.43,scattered clouds
524,Bozhou,CN,33.8772,115.7703,74.16,22,97,11.01,overcast clouds
525,Praia,CV,14.9215,-23.5087,69.8,73,75,13.8,broken clouds
526,Camacha,PT,33.0833,-16.3333,62.6,77,20,6.91,few clouds
527,Guatire,VE,10.4762,-66.5427,75.2,88,40,1.14,scattered clouds
528,Tera,NE,14.0078,0.7531,92.89,35,18,13.4,few clouds
529,Guilin,CN,25.2819,110.2864,68.0,83,90,4.47,overcast clouds
530,Balkhash,KZ,46.844,74.9804,80.6,13,0,4.47,clear sky
531,Mildura,AU,-34.2,142.15,66.2,39,100,3.94,overcast clouds
532,Deputatskiy,RU,69.3,139.9,19.38,86,94,3.24,overcast clouds
533,Mus,TR,39.0,41.75,68.0,42,20,4.61,few clouds
534,Padang,ID,-0.9492,100.3543,86.0,70,20,6.91,light rain
535,Canton,CN,23.1167,113.25,73.0,94,90,6.71,mist
536,Diffa,NE,13.3154,12.6113,100.11,6,6,17.85,clear sky
537,Harbour Breton,CA,47.4833,-55.7983,39.49,95,100,12.53,overcast clouds
538,Huarmey,PE,-10.0681,-78.1522,66.0,91,98,5.37,overcast clouds
539,Linhares,BR,-19.3911,-40.0722,71.76,85,100,2.89,overcast clouds
540,Cartagena Del Chaira,CO,1.3349,-74.8429,69.19,99,100,3.24,overcast clouds
541,Asau,RO,46.4333,26.4,41.0,87,90,5.75,overcast clouds
542,Great Bend,US,38.3645,-98.7648,63.0,94,20,10.36,few clouds
543,Vista Hermosa,MX,19.5167,-99.2167,68.0,42,40,6.91,scattered clouds
544,Kieta,PG,-6.2167,155.6333,80.67,79,100,3.13,overcast clouds
545,Astana,KZ,51.1801,71.446,68.0,37,0,11.18,clear sky
546,Itoman,JP,26.1247,127.6694,75.2,69,75,11.5,broken clouds
547,Camana,PE,-16.6228,-72.7111,65.93,87,98,6.82,overcast clouds
548,Steamboat Springs,US,40.485,-106.8317,37.0,100,90,4.61,light rain
549,Campoverde,PE,-8.4753,-74.8058,69.01,89,100,1.52,overcast clouds
550,Bima,ID,-8.4667,118.7167,84.94,64,100,1.23,overcast clouds
551,Gorontalo,ID,0.5412,123.0595,85.26,69,98,2.46,light rain
552,Soe,ID,-9.8607,124.284,75.16,63,61,3.89,broken clouds
553,Kingsport,US,36.5484,-82.5618,63.0,82,75,2.17,broken clouds
554,Elmshorn,DE,53.75,9.65,53.01,47,100,4.0,overcast clouds
555,Manta,EC,-0.95,-80.7333,73.42,85,100,2.89,overcast clouds
556,Steinkjer,NO,64.193,11.3851,39.99,87,75,4.61,broken clouds
557,La Rioja,ES,42.25,-2.5,55.99,87,75,0.85,broken clouds
558,Aykhal,RU,66.0,111.5,31.1,83,9,14.67,clear sky
559,Biak,ID,-0.9131,122.8766,82.81,67,93,4.41,overcast clouds
560,Airai,TL,-8.9266,125.4092,69.53,58,17,1.61,few clouds
561,Kombissiri,BF,12.0656,-1.3375,89.6,43,49,6.91,scattered clouds
562,Yulara,AU,-25.2406,130.9889,78.8,17,0,11.5,clear sky
563,Saint-Georges,GD,12.0564,-61.7485,80.6,78,20,13.8,few clouds
564,Sumbe,AO,-11.2061,13.8437,80.6,76,40,4.61,scattered clouds
565,Armidale,AU,-30.5167,151.65,54.0,69,7,4.76,clear sky
566,Huntington,US,38.4193,-82.4452,68.0,56,1,4.61,clear sky
567,Salekhard,RU,66.53,66.6019,31.93,97,99,2.53,overcast clouds
568,Slave Lake,CA,55.2834,-114.769,21.2,93,90,4.61,light snow
569,Condado,CU,21.8767,-79.8403,73.4,88,31,8.05,scattered clouds
570,Izumo,JP,35.3667,132.7667,62.6,88,75,10.36,broken clouds
571,Ventspils,LV,57.3894,21.5606,42.8,75,40,6.91,scattered clouds
572,Yuzawa,JP,39.1667,140.5,64.4,94,75,3.44,mist
573,Tura,IN,25.5198,90.2201,100.31,16,12,6.22,few clouds
574,Kulhudhuffushi,MV,6.6221,73.07,84.56,71,55,6.08,broken clouds
575,Sungai Besar,MY,3.6746,100.9867,80.6,89,40,5.61,scattered clouds
576,Verkh-Usugli,RU,52.7,115.1667,31.46,56,100,11.81,overcast clouds
577,Georgiyevka,KZ,43.0369,74.7114,86.0,21,0,6.71,clear sky
578,Mezen,RU,65.8522,44.24,33.91,42,100,7.54,overcast clouds
579,Warrnambool,AU,-38.3833,142.4833,55.22,78,100,2.91,overcast clouds
580,Homer,US,59.6425,-151.5483,41.0,80,1,2.64,clear sky
581,Jamiltepec,MX,16.2833,-97.8167,72.57,80,0,2.3,clear sky
582,Desna,UA,50.9273,30.7605,53.01,39,0,8.95,clear sky
583,Toba,JP,34.4833,136.85,66.0,79,100,5.99,overcast clouds
584,Murgab,TM,37.4966,61.9714,82.4,42,20,13.8,haze
585,Port-Gentil,GA,-0.7193,8.7815,84.2,84,40,4.61,moderate rain
586,Tilichiki,RU,60.4667,166.1,25.47,88,100,7.27,overcast clouds
587,Helsinki,FI,60.1695,24.9355,43.0,45,40,9.22,scattered clouds
588,Ceres,US,37.5949,-120.9577,57.2,51,1,4.61,clear sky
589,Utrecht,NL,52.0,5.25,48.99,58,4,3.0,clear sky
590,Diego De Almagro,CL,-26.3667,-70.05,51.78,84,0,0.67,clear sky
591,Rumoi,JP,43.9344,141.6428,54.37,51,100,11.5,light rain
592,Paita,PE,-5.0892,-81.1144,69.73,75,100,9.13,overcast clouds
593,Samarai,PG,-10.6167,150.6667,79.86,78,100,14.29,light rain
594,Tigzirt,DZ,36.8886,4.1198,67.75,58,100,1.88,overcast clouds
595,Makueni,KE,-1.8041,37.6203,76.53,59,17,5.93,few clouds
596,Cockburn Town,TC,21.4612,-71.1419,77.63,75,66,19.71,broken clouds
597,Nouadhibou,MR,20.931,-17.0347,66.2,88,0,12.66,clear sky
598,Turukhansk,RU,65.8167,87.9833,33.66,99,100,18.23,snow
599,Paka,MY,4.6374,103.4368,89.6,66,20,6.91,few clouds
600,Mahajanga,MG,-15.7167,46.3167,89.6,51,0,8.05,clear sky
601,Pueblo,US,38.2545,-104.6091,46.4,66,1,24.16,clear sky
602,Zaltan,LY,32.947,11.8665,68.23,71,90,9.73,overcast clouds
603,Huntsville,US,34.7304,-86.5861,69.01,73,90,8.05,overcast clouds
604,Lata,PT,40.1629,-8.3327,63.0,80,100,1.01,overcast clouds
605,Baker City,US,44.7749,-117.8344,37.4,81,1,3.44,clear sky
606,Sorong,ID,-0.8833,131.25,82.42,75,80,1.77,light rain
607,Jibuti,DJ,11.5,42.5,84.2,65,75,3.44,light rain
608,Coahuayana,MX,18.7333,-103.6833,72.05,75,1,2.24,clear sky
609,Visnes,NO,59.3556,5.2242,46.4,53,0,4.61,clear sky
610,Acarau,BR,-2.8856,-40.12,75.36,89,81,8.63,broken clouds
611,Kudahuvadhoo,MV,2.6708,72.8944,83.23,72,70,6.24,broken clouds
612,Nueva Guinea,NI,11.6876,-84.4562,69.51,96,100,3.53,overcast clouds
613,Wajid,SO,3.8093,43.2471,89.96,44,8,8.77,clear sky
614,Parkes,AU,-33.1333,148.1833,57.0,65,100,1.52,overcast clouds
615,San Andres,CO,12.5847,-81.7006,80.6,78,75,9.22,broken clouds
616,Sompeta,IN,18.9333,84.6,92.12,58,16,17.83,few clouds
617,Beibei,CN,29.8256,106.4339,73.0,68,40,6.71,scattered clouds
618,Altay,CN,47.8667,88.1167,59.59,43,100,0.92,overcast clouds
619,Ginda,IN,30.6945,78.4932,83.77,14,5,6.67,clear sky
620,Fort-Shevchenko,KZ,44.5086,50.263,62.87,49,100,7.02,overcast clouds
621,Ninghai,CN,29.2892,121.4247,69.8,73,40,6.71,scattered clouds
622,Akdagmadeni,TR,39.6603,35.8836,67.64,32,56,8.86,broken clouds
623,Malakal,SS,9.5334,31.6605,91.51,39,97,7.94,overcast clouds
624,Tubli,PH,13.9318,124.1478,81.1,66,41,8.28,scattered clouds
625,Ust-Nera,RU,64.5667,143.2,34.5,88,100,1.86,overcast clouds
626,Paragominas,BR,-2.9667,-47.4833,70.84,98,77,1.7,broken clouds
627,Covington,US,39.0837,-84.5086,69.8,52,75,9.22,broken clouds
628,Haines Junction,CA,60.7522,-137.5108,23.0,68,7,1.14,clear sky
629,Tezu,IN,27.9167,96.1667,101.62,14,41,5.88,scattered clouds
630,Vangaindrano,MG,-23.35,47.6,79.03,71,10,3.31,clear sky
631,Puerto Escondido,MX,15.85,-97.0667,80.46,78,2,6.78,clear sky
632,Bandar-E Anzali,IR,37.4727,49.4622,66.2,82,75,8.7,broken clouds
633,Gigmoto,PH,13.7796,124.39,80.98,68,80,7.58,broken clouds
634,George,ZA,-33.963,22.4617,62.6,82,20,2.17,few clouds
635,Onda,ES,39.9667,-0.25,62.01,83,12,2.35,few clouds
636,Enumclaw,US,47.2043,-121.9915,46.99,89,55,3.96,broken clouds
637,Luoyang,CN,34.6836,112.4536,75.24,21,7,17.58,clear sky
638,Boshnyakovo,RU,49.6333,142.1667,40.68,86,100,4.61,moderate rain
639,Krasnyy Kut,RU,50.95,46.9667,44.28,81,100,8.68,overcast clouds
640,Santa Fe,AR,-31.6333,-60.7,57.99,93,0,1.99,clear sky
641,Korla,CN,41.7597,86.1469,76.66,16,2,19.8,clear sky
642,Aswan,EG,24.0934,32.907,90.14,18,0,6.51,clear sky
643,Roebourne,AU,-20.7833,117.1333,91.53,21,0,6.62,clear sky
644,Buchanan,LR,5.8808,-10.0467,73.4,94,75,0.72,broken clouds
645,Ballina,AU,-28.8667,153.5667,64.4,94,90,5.75,overcast clouds
646,Tyukhtet,RU,56.5389,89.3011,49.01,84,100,12.37,light rain
647,Abha,SA,18.2164,42.5053,68.0,49,40,4.61,scattered clouds
648,Conceicao Do Araguaia,BR,-8.2578,-49.2647,73.4,94,0,1.28,clear sky
649,Rudbar,AF,30.15,62.6,98.44,9,94,0.78,overcast clouds
650,Touros,BR,-5.1989,-35.4608,75.2,94,40,3.44,scattered clouds
651,Pauini,BR,-7.7136,-66.9764,70.54,98,100,2.39,overcast clouds
652,Knysna,ZA,-34.0363,23.0471,60.8,88,40,4.61,scattered clouds
653,Arvika,SE,59.6553,12.5852,42.8,52,0,3.44,clear sky
654,Motygino,RU,58.1831,94.7592,43.77,83,100,8.97,overcast clouds
655,Charagua,BO,-19.8,-63.2167,60.33,69,100,2.51,overcast clouds
656,Urumqi,CN,43.801,87.6005,82.4,11,0,4.47,clear sky
657,Qandala,SO,11.472,49.8728,89.62,58,75,8.41,broken clouds
658,Port Blair,IN,11.6667,92.75,87.24,60,22,5.37,few clouds
659,Mon,IN,26.75,95.1,94.55,19,23,5.97,few clouds
660,Dakar,SN,14.6937,-17.4441,68.0,94,0,16.11,clear sky
661,Denpasar,ID,-8.65,115.2167,86.0,62,20,12.66,few clouds
662,Tagcatong,PH,9.0022,125.2569,82.76,73,40,5.55,scattered clouds
663,Swan River,CA,52.1058,-101.2676,26.6,68,100,11.5,snow
664,Baturaja,ID,-4.1333,104.1667,87.94,58,94,4.83,overcast clouds
665,Keti Bandar,PK,24.1447,67.4497,87.35,60,90,15.3,overcast clouds
666,Waihi Beach,NZ,-37.4,175.9333,57.99,77,100,3.0,overcast clouds
667,Portland,US,45.5234,-122.6762,51.8,71,40,6.91,scattered clouds
668,Aklavik,CA,68.2191,-135.0107,21.2,49,1,6.91,clear sky
669,Dennery,LC,13.8996,-60.8879,80.6,74,40,8.05,scattered clouds
670,Xai-Xai,MZ,-25.0519,33.6442,81.82,49,0,3.69,clear sky
671,Den Helder,NL,52.9599,4.7593,50.0,57,2,12.66,clear sky
672,Dehloran,IR,32.6941,47.2679,92.03,15,0,9.66,clear sky
673,Roros,NO,62.5747,11.3842,28.4,69,40,5.75,scattered clouds
674,Kirakira,SB,-10.4544,161.9205,78.44,78,91,7.07,overcast clouds
675,Ladario,BR,-19.0047,-57.6017,60.13,56,5,2.35,clear sky
676,Mbini,GQ,1.574,9.6134,75.2,100,40,14.27,moderate rain
677,Umm Lajj,SA,25.0213,37.2685,82.8,46,0,10.22,clear sky
678,Alta,NO,69.9689,23.2717,30.0,74,75,6.91,light snow
679,Kidal,ML,18.4411,1.4078,96.22,12,16,10.89,few clouds
680,Salalah,OM,17.0151,54.0924,87.8,62,40,11.5,scattered clouds
681,Hvolsvollur,IS,63.7533,-20.2243,41.0,65,3,13.8,haze
682,Chingirlau,KZ,51.095,54.0814,52.41,59,100,12.75,light rain
683,Harnosand,SE,62.6323,17.9379,41.0,45,20,11.5,few clouds
684,Kerouane,GN,9.2667,-9.0167,76.53,75,100,2.62,overcast clouds
685,Policoro,IT,40.2115,16.6726,69.01,68,42,4.0,scattered clouds
686,Komsomolskiy,UZ,40.4272,71.7189,86.0,14,0,4.61,clear sky
687,Bombay,IN,19.0144,72.8479,89.6,66,0,12.66,smoke
688,Isabela,PH,6.7085,121.9711,84.2,74,75,8.05,broken clouds
689,Qeshm,IR,26.9581,56.2719,96.8,40,7,9.22,clear sky
690,Coatesville,US,39.9832,-75.8238,62.6,72,1,6.91,clear sky
691,Tombouctou,ML,20.0,-3.0,91.47,12,11,15.37,few clouds
692,Stromness,GB,58.965,-3.296,42.8,75,20,4.61,few clouds
693,Fujin,CN,47.26,132.0322,62.26,17,100,17.18,overcast clouds
